{
	"IcoMoonType": "selection",
	"icons": [
		{
			"icon": {
				"paths": [
					"M658.286 475.429q0-105.714-75.143-180.857t-180.857-75.143-180.857 75.143-75.143 180.857 75.143 180.857 180.857 75.143 180.857-75.143 75.143-180.857zM950.857 950.857q0 29.714-21.714 51.429t-51.429 21.714q-30.857 0-51.429-21.714l-196-195.429q-102.286 70.857-228 70.857-81.714 0-156.286-31.714t-128.571-85.714-85.714-128.571-31.714-156.286 31.714-156.286 85.714-128.571 128.571-85.714 156.286-31.714 156.286 31.714 128.571 85.714 85.714 128.571 31.714 156.286q0 125.714-70.857 228l196 196q21.143 21.143 21.143 51.429z"
				],
				"width": 950.8563512165565,
				"attrs": [],
				"isMulticolor": false,
				"tags": [
					"search"
				],
				"defaultCode": 61442,
				"grid": 14
			},
			"attrs": [],
			"properties": {
				"id": 2,
				"order": 5,
				"name": "search",
				"prevSize": 28,
				"code": 61442
			},
			"setIdx": 0,
			"setId": 1,
			"iconIdx": 2
		},
		{
			"icon": {
				"paths": [
					"M954.857 323.429q0 22.857-16 38.857l-491.429 491.429q-16 16-38.857 16t-38.857-16l-284.571-284.571q-16-16-16-38.857t16-38.857l77.714-77.714q16-16 38.857-16t38.857 16l168 168.571 374.857-375.429q16-16 38.857-16t38.857 16l77.714 77.714q16 16 16 38.857z"
				],
				"width": 1024.0000610351562,
				"attrs": [],
				"isMulticolor": false,
				"tags": [
					"check"
				],
				"defaultCode": 61452,
				"grid": 14
			},
			"attrs": [],
			"properties": {
				"id": 12,
				"order": 14,
				"name": "check",
				"prevSize": 28,
				"code": 61452
			},
			"setIdx": 0,
			"setId": 1,
			"iconIdx": 12
		},
		{
			"icon": {
				"paths": [
					"M741.714 755.429q0 22.857-16 38.857l-77.714 77.714q-16 16-38.857 16t-38.857-16l-168-168-168 168q-16 16-38.857 16t-38.857-16l-77.714-77.714q-16-16-16-38.857t16-38.857l168-168-168-168q-16-16-16-38.857t16-38.857l77.714-77.714q16-16 38.857-16t38.857 16l168 168 168-168q16-16 38.857-16t38.857 16l77.714 77.714q16 16 16 38.857t-16 38.857l-168 168 168 168q16 16 16 38.857z"
				],
				"width": 804.5720672607422,
				"attrs": [],
				"isMulticolor": false,
				"tags": [
					"close",
					"remove",
					"times"
				],
				"defaultCode": 61453,
				"grid": 14
			},
			"attrs": [],
			"properties": {
				"id": 13,
				"order": 2,
				"name": "close, remove, times",
				"prevSize": 28,
				"code": 61453
			},
			"setIdx": 0,
			"setId": 1,
			"iconIdx": 13
		},
		{
			"icon": {
				"paths": [
					"M207.429 877.714l52-52-134.286-134.286-52 52v61.143h73.143v73.143h61.143zM506.286 347.429q0-12.571-12.571-12.571-5.714 0-9.714 4l-309.714 309.714q-4 4-4 9.714 0 12.571 12.571 12.571 5.714 0 9.714-4l309.714-309.714q4-4 4-9.714zM475.429 237.714l237.714 237.714-475.429 475.429h-237.714v-237.714zM865.714 292.571q0 30.286-21.143 51.429l-94.857 94.857-237.714-237.714 94.857-94.286q20.571-21.714 51.429-21.714 30.286 0 52 21.714l134.286 133.714q21.143 22.286 21.143 52z"
				],
				"width": 865.7150573730469,
				"attrs": [],
				"isMulticolor": false,
				"tags": [
					"pencil"
				],
				"defaultCode": 61504,
				"grid": 14
			},
			"attrs": [],
			"properties": {
				"id": 60,
				"order": 3,
				"name": "pencil",
				"prevSize": 28,
				"code": 61504
			},
			"setIdx": 0,
			"setId": 1,
			"iconIdx": 60
		},
		{
			"icon": {
				"paths": [
					"M669.143 172l-303.429 303.429 303.429 303.429q10.857 10.857 10.857 25.714t-10.857 25.714l-94.857 94.857q-10.857 10.857-25.714 10.857t-25.714-10.857l-424-424q-10.857-10.857-10.857-25.714t10.857-25.714l424-424q10.857-10.857 25.714-10.857t25.714 10.857l94.857 94.857q10.857 10.857 10.857 25.714t-10.857 25.714z"
				],
				"width": 768.0010223388672,
				"attrs": [],
				"isMulticolor": false,
				"tags": [
					"chevron-left"
				],
				"defaultCode": 61523,
				"grid": 14
			},
			"attrs": [],
			"properties": {
				"id": 78,
				"order": 9,
				"name": "chevron-left",
				"prevSize": 28,
				"code": 61523
			},
			"setIdx": 0,
			"setId": 1,
			"iconIdx": 78
		},
		{
			"icon": {
				"paths": [
					"M632.571 501.143l-424 424q-10.857 10.857-25.714 10.857t-25.714-10.857l-94.857-94.857q-10.857-10.857-10.857-25.714t10.857-25.714l303.429-303.429-303.429-303.429q-10.857-10.857-10.857-25.714t10.857-25.714l94.857-94.857q10.857-10.857 25.714-10.857t25.714 10.857l424 424q10.857 10.857 10.857 25.714t-10.857 25.714z"
				],
				"width": 694.8569641113281,
				"attrs": [],
				"isMulticolor": false,
				"tags": [
					"chevron-right"
				],
				"defaultCode": 61524,
				"grid": 14
			},
			"attrs": [],
			"properties": {
				"id": 79,
				"order": 10,
				"name": "chevron-right",
				"prevSize": 28,
				"code": 61524
			},
			"setIdx": 0,
			"setId": 1,
			"iconIdx": 79
		},
		{
			"icon": {
				"paths": [
					"M585.143 786.286v-91.429q0-8-5.143-13.143t-13.143-5.143h-54.857v-292.571q0-8-5.143-13.143t-13.143-5.143h-182.857q-8 0-13.143 5.143t-5.143 13.143v91.429q0 8 5.143 13.143t13.143 5.143h54.857v182.857h-54.857q-8 0-13.143 5.143t-5.143 13.143v91.429q0 8 5.143 13.143t13.143 5.143h256q8 0 13.143-5.143t5.143-13.143zM512 274.286v-91.429q0-8-5.143-13.143t-13.143-5.143h-109.714q-8 0-13.143 5.143t-5.143 13.143v91.429q0 8 5.143 13.143t13.143 5.143h109.714q8 0 13.143-5.143t5.143-13.143zM877.714 512q0 119.429-58.857 220.286t-159.714 159.714-220.286 58.857-220.286-58.857-159.714-159.714-58.857-220.286 58.857-220.286 159.714-159.714 220.286-58.857 220.286 58.857 159.714 159.714 58.857 220.286z"
				],
				"width": 877.7140070597306,
				"attrs": [],
				"isMulticolor": false,
				"tags": [
					"info-circle"
				],
				"defaultCode": 61530,
				"grid": 14
			},
			"attrs": [],
			"properties": {
				"id": 85,
				"order": 16,
				"name": "info-circle",
				"prevSize": 28,
				"code": 61530
			},
			"setIdx": 0,
			"setId": 1,
			"iconIdx": 85
		},
		{
			"icon": {
				"paths": [
					"M626.857 616.571l-83.429 83.429q-5.714 5.714-13.143 5.714t-13.143-5.714l-78.286-78.286-78.286 78.286q-5.714 5.714-13.143 5.714t-13.143-5.714l-83.429-83.429q-5.714-5.714-5.714-13.143t5.714-13.143l78.286-78.286-78.286-78.286q-5.714-5.714-5.714-13.143t5.714-13.143l83.429-83.429q5.714-5.714 13.143-5.714t13.143 5.714l78.286 78.286 78.286-78.286q5.714-5.714 13.143-5.714t13.143 5.714l83.429 83.429q5.714 5.714 5.714 13.143t-5.714 13.143l-78.286 78.286 78.286 78.286q5.714 5.714 5.714 13.143t-5.714 13.143zM749.714 512q0-84.571-41.714-156t-113.143-113.143-156-41.714-156 41.714-113.143 113.143-41.714 156 41.714 156 113.143 113.143 156 41.714 156-41.714 113.143-113.143 41.714-156zM877.714 512q0 119.429-58.857 220.286t-159.714 159.714-220.286 58.857-220.286-58.857-159.714-159.714-58.857-220.286 58.857-220.286 159.714-159.714 220.286-58.857 220.286 58.857 159.714 159.714 58.857 220.286z"
				],
				"width": 877.7140070597306,
				"attrs": [],
				"isMulticolor": false,
				"tags": [
					"times-circle-o"
				],
				"defaultCode": 61532,
				"grid": 14
			},
			"attrs": [],
			"properties": {
				"id": 87,
				"order": 4,
				"name": "times-circle-o",
				"prevSize": 28,
				"code": 61532
			},
			"setIdx": 0,
			"setId": 1,
			"iconIdx": 87
		},
		{
			"icon": {
				"paths": [
					"M961.714 760.571l-94.857 94.286q-10.857 10.857-25.714 10.857t-25.714-10.857l-303.429-303.429-303.429 303.429q-10.857 10.857-25.714 10.857t-25.714-10.857l-94.857-94.286q-10.857-10.857-10.857-26t10.857-26l424-423.429q10.857-10.857 25.714-10.857t25.714 10.857l424 423.429q10.857 10.857 10.857 26t-10.857 26z"
				],
				"width": 1023.9999694824219,
				"attrs": [],
				"isMulticolor": false,
				"tags": [
					"chevron-up"
				],
				"defaultCode": 61559,
				"grid": 14
			},
			"attrs": [],
			"properties": {
				"id": 112,
				"order": 15,
				"name": "chevron-up",
				"prevSize": 28,
				"code": 61559
			},
			"setIdx": 0,
			"setId": 1,